ConsensusTime, 1635495650 , txs, 1198
ConsensusTime, 1712021153 , txs, 1199
ConsensusTime, 103690312 , txs, 1199
ConsensusTime, 1581967 , txs, 1200
ConsensusTime, 404527003 , txs, 1201
ConsensusTime, 302377801 , txs, 1201
ConsensusTime, 101991231 , txs, 1202
ConsensusTime, 503392612 , txs, 1202
ConsensusTime, 402338318 , txs, 1203
ConsensusTime, 202056407 , txs, 1204
ConsensusTime, 310484952 , txs, 1204
ConsensusTime, 603051398 , txs, 1205
ConsensusTime, 316415391 , txs, 1205
ConsensusTime, 409940553 , txs, 1206
ConsensusTime, 302652907 , txs, 1207
ConsensusTime, 202305350 , txs, 1207
ConsensusTime, 321353952 , txs, 1208
ConsensusTime, 1304174083 , txs, 1208
ConsensusTime, 104186360 , txs, 1209
ConsensusTime, 103186041 , txs, 1209
ConsensusTime, 303029977 , txs, 1210
ConsensusTime, 305080834 , txs, 1211
ConsensusTime, 108093644 , txs, 1211
ConsensusTime, 109090898 , txs, 1212
ConsensusTime, 502898999 , txs, 1212
ConsensusTime, 502720930 , txs, 1213
ConsensusTime, 2667945 , txs, 1214
ConsensusTime, 402356823 , txs, 1214
ConsensusTime, 313422329 , txs, 1215
ConsensusTime, 1811100 , txs, 1215
ConsensusTime, 202341510 , txs, 1216
ConsensusTime, 302649392 , txs, 1217
ConsensusTime, 293666786 , txs, 1217
ConsensusTime, 1321656351 , txs, 1218
ConsensusTime, 403926143 , txs, 1218
ConsensusTime, 104263775 , txs, 1219
ConsensusTime, 114641453 , txs, 1220
ConsensusTime, 306966458 , txs, 1220
ConsensusTime, 302654446 , txs, 1221
ConsensusTime, 408391738 , txs, 1221
ConsensusTime, 305599458 , txs, 1222
ConsensusTime, 603336522 , txs, 1223
ConsensusTime, 402535506 , txs, 1223
ConsensusTime, 510271157 , txs, 1224
ConsensusTime, 502503293 , txs, 1224
ConsensusTime, 205243563 , txs, 1225
ConsensusTime, 105934064 , txs, 1226
ConsensusTime, 207696896 , txs, 1226
ConsensusTime, 211581969 , txs, 1227
ConsensusTime, 1611509 , txs, 1227
ConsensusTime, 7180575 , txs, 1228
ConsensusTime, 3127426 , txs, 1229
ConsensusTime, 210993929 , txs, 1229
ConsensusTime, 302077396 , txs, 1230
ConsensusTime, 105484177 , txs, 1230
ConsensusTime, 302146169 , txs, 1231
ConsensusTime, 216197503 , txs, 1232
ConsensusTime, 402567831 , txs, 1232
ConsensusTime, 202102070 , txs, 1233
ConsensusTime, 202727074 , txs, 1233
ConsensusTime, 509136696 , txs, 1234
ConsensusTime, 302348782 , txs, 1235
ConsensusTime, 205299882 , txs, 1235
ConsensusTime, 703485773 , txs, 1236
ConsensusTime, 175037093 , txs, 1236
ConsensusTime, 1805675451 , txs, 1237
ConsensusTime, 513476629 , txs, 1238
ConsensusTime, 209244982 , txs, 1238
ConsensusTime, 308649027 , txs, 1239
ConsensusTime, 405004820 , txs, 1239
ConsensusTime, 402580876 , txs, 1240
ConsensusTime, 103870299 , txs, 1241
ConsensusTime, 803378785 , txs, 1241
ConsensusTime, 502761588 , txs, 1242
ConsensusTime, 202549952 , txs, 1242
ConsensusTime, 705339962 , txs, 1243
ConsensusTime, 103307244 , txs, 1244
ConsensusTime, 304495782 , txs, 1244
ConsensusTime, 311383005 , txs, 1245
ConsensusTime, 708409227 , txs, 1245
ConsensusTime, 339369000 , txs, 1246
ConsensusTime, 1825532 , txs, 1247
ConsensusTime, 5903498 , txs, 1247
ConsensusTime, 102354226 , txs, 1248
ConsensusTime, 4965583 , txs, 1248
ConsensusTime, 506223140 , txs, 1249
ConsensusTime, 507552141 , txs, 1250
ConsensusTime, 803442943 , txs, 1250
ConsensusTime, 107051065 , txs, 1251
ConsensusTime, 624095147 , txs, 1252
