ConsensusTime, 24016074 , txs, 999
ConsensusTime, 206509817 , txs, 999
ConsensusTime, 208999464 , txs, 1000
ConsensusTime, 603022376 , txs, 1000
ConsensusTime, 4872923 , txs, 1001
ConsensusTime, 204529171 , txs, 1001
ConsensusTime, 105427662 , txs, 1002
ConsensusTime, 312356584 , txs, 1002
ConsensusTime, 612690759 , txs, 1003
ConsensusTime, 402710106 , txs, 1003
ConsensusTime, 302362614 , txs, 1004
ConsensusTime, 303711066 , txs, 1004
ConsensusTime, 510206745 , txs, 1005
ConsensusTime, 291974256 , txs, 1005
ConsensusTime, 1204120929 , txs, 1006
ConsensusTime, 606689128 , txs, 1006
ConsensusTime, 302245950 , txs, 1007
ConsensusTime, 302322769 , txs, 1007
ConsensusTime, 310319994 , txs, 1008
ConsensusTime, 603033468 , txs, 1008
ConsensusTime, 1941838 , txs, 1009
ConsensusTime, 202168080 , txs, 1009
ConsensusTime, 106598064 , txs, 1010
ConsensusTime, 302515961 , txs, 1010
ConsensusTime, 302010475 , txs, 1011
ConsensusTime, 812926085 , txs, 1011
ConsensusTime, 4109300 , txs, 1012
ConsensusTime, 603070644 , txs, 1012
ConsensusTime, 5830133 , txs, 1013
ConsensusTime, 207466209 , txs, 1013
ConsensusTime, 11831827 , txs, 1014
ConsensusTime, 1881465 , txs, 1014
ConsensusTime, 408376727 , txs, 1015
ConsensusTime, 303899867 , txs, 1015
ConsensusTime, 35222138 , txs, 1016
ConsensusTime, 201987645 , txs, 1016
ConsensusTime, 402561360 , txs, 1017
ConsensusTime, 407907687 , txs, 1017
ConsensusTime, 512743742 , txs, 1018
ConsensusTime, 506584386 , txs, 1018
ConsensusTime, 202450431 , txs, 1019
ConsensusTime, 68329753 , txs, 1019
ConsensusTime, 109034436 , txs, 1020
ConsensusTime, 210700590 , txs, 1020
ConsensusTime, 206079952 , txs, 1021
ConsensusTime, 183501705 , txs, 1021
ConsensusTime, 12858199 , txs, 1022
ConsensusTime, 101666927 , txs, 1022
ConsensusTime, 406491450 , txs, 1023
ConsensusTime, 608666392 , txs, 1023
ConsensusTime, 5955095 , txs, 1024
ConsensusTime, 608861194 , txs, 1024
ConsensusTime, 27695565 , txs, 1025
ConsensusTime, 302400377 , txs, 1025
ConsensusTime, 206386686 , txs, 1026
ConsensusTime, 308048693 , txs, 1026
ConsensusTime, 506031185 , txs, 1027
ConsensusTime, 1462618 , txs, 1027
ConsensusTime, 809225241 , txs, 1028
ConsensusTime, 101721092 , txs, 1028
ConsensusTime, 402585235 , txs, 1029
ConsensusTime, 182279250 , txs, 1029
ConsensusTime, 9257809 , txs, 1030
ConsensusTime, 3365687 , txs, 1030
ConsensusTime, 205582864 , txs, 1031
ConsensusTime, 302850340 , txs, 1031
ConsensusTime, 302312398 , txs, 1032
ConsensusTime, 5133106 , txs, 1032
ConsensusTime, 439708552 , txs, 1033
ConsensusTime, 602988101 , txs, 1033
ConsensusTime, 507788346 , txs, 1034
ConsensusTime, 308853702 , txs, 1034
ConsensusTime, 335834319 , txs, 1035
ConsensusTime, 302403793 , txs, 1035
ConsensusTime, 311772150 , txs, 1036
ConsensusTime, 315398750 , txs, 1036
ConsensusTime, 727583031 , txs, 1037
ConsensusTime, 286398109 , txs, 1037
ConsensusTime, 1105624068 , txs, 1038
ConsensusTime, 202436814 , txs, 1038
ConsensusTime, 302444126 , txs, 1039
ConsensusTime, 1735711 , txs, 1039
ConsensusTime, 101965629 , txs, 1040
ConsensusTime, 209174962 , txs, 1040
ConsensusTime, 202039643 , txs, 1041
ConsensusTime, 215725513 , txs, 1041
ConsensusTime, 306275625 , txs, 1042
ConsensusTime, 302516087 , txs, 1042
ConsensusTime, 104822132 , txs, 1043
ConsensusTime, 302294981 , txs, 1043
ConsensusTime, 809517149 , txs, 1044
ConsensusTime, 406127685 , txs, 1044
ConsensusTime, 402485798 , txs, 1045
ConsensusTime, 177364449 , txs, 1045
ConsensusTime, 1711562392 , txs, 1046
ConsensusTime, 307999362 , txs, 1046
ConsensusTime, 402329394 , txs, 1047
ConsensusTime, 303223455 , txs, 1047
ConsensusTime, 3315095 , txs, 1048
ConsensusTime, 26537748 , txs, 1048
ConsensusTime, 105448178 , txs, 1049
ConsensusTime, 302610254 , txs, 1049
ConsensusTime, 3667832 , txs, 1050
ConsensusTime, 606909071 , txs, 1050
