ConsensusTime, 303604639 , txs, 200
ConsensusTime, 2906144980 , txs, 200
ConsensusTime, 209844194 , txs, 200
ConsensusTime, 301769755 , txs, 200
ConsensusTime, 303113201 , txs, 200
ConsensusTime, 808193743 , txs, 201
ConsensusTime, 5912238482 , txs, 201
ConsensusTime, 201519610 , txs, 201
ConsensusTime, 201817026 , txs, 201
ConsensusTime, 201469626 , txs, 201
ConsensusTime, 309946551 , txs, 202
ConsensusTime, 1086131 , txs, 202
ConsensusTime, 1112946 , txs, 202
ConsensusTime, 201438667 , txs, 202
ConsensusTime, 301570936 , txs, 202
ConsensusTime, 202162001 , txs, 203
ConsensusTime, 204303311 , txs, 203
ConsensusTime, 204467116 , txs, 203
ConsensusTime, 211810193 , txs, 203
ConsensusTime, 1052611 , txs, 204
ConsensusTime, 101582187 , txs, 204
ConsensusTime, 101635286 , txs, 204
ConsensusTime, 302479732 , txs, 204
ConsensusTime, 201411068 , txs, 204
ConsensusTime, 203371766 , txs, 205
ConsensusTime, 210709410 , txs, 205
ConsensusTime, 1337287 , txs, 205
ConsensusTime, 281175 , txs, 205
ConsensusTime, 1121641 , txs, 205
ConsensusTime, 503027009 , txs, 206
ConsensusTime, 201940564 , txs, 206
ConsensusTime, 201770693 , txs, 206
ConsensusTime, 201715055 , txs, 206
ConsensusTime, 209680689 , txs, 206
ConsensusTime, 1237119 , txs, 207
ConsensusTime, 201660711 , txs, 207
ConsensusTime, 201468187 , txs, 207
ConsensusTime, 201402867 , txs, 207
ConsensusTime, 201801593 , txs, 208
ConsensusTime, 402106118 , txs, 208
ConsensusTime, 307971021 , txs, 208
ConsensusTime, 1226854 , txs, 208
ConsensusTime, 201271990 , txs, 208
ConsensusTime, 201727367 , txs, 209
ConsensusTime, 101291633 , txs, 209
ConsensusTime, 402043149 , txs, 209
ConsensusTime, 201477724 , txs, 209
ConsensusTime, 101138482 , txs, 209
ConsensusTime, 108993420 , txs, 210
ConsensusTime, 1244628 , txs, 210
ConsensusTime, 101625610 , txs, 210
ConsensusTime, 201410465 , txs, 211
ConsensusTime, 1445071 , txs, 211
ConsensusTime, 1068529 , txs, 211
ConsensusTime, 301675802 , txs, 211
ConsensusTime, 223255106 , txs, 211
ConsensusTime, 1089458 , txs, 212
ConsensusTime, 1060115 , txs, 212
ConsensusTime, 101303719 , txs, 212
ConsensusTime, 1042809 , txs, 212
ConsensusTime, 201483861 , txs, 212
ConsensusTime, 301911620 , txs, 213
ConsensusTime, 202055363 , txs, 213
ConsensusTime, 210163008 , txs, 213
ConsensusTime, 1091983 , txs, 213
ConsensusTime, 101359372 , txs, 214
ConsensusTime, 201849272 , txs, 214
ConsensusTime, 201492708 , txs, 214
ConsensusTime, 201739285 , txs, 214
ConsensusTime, 201475641 , txs, 214
ConsensusTime, 107106071 , txs, 215
ConsensusTime, 1271711 , txs, 215
ConsensusTime, 301563148 , txs, 215
ConsensusTime, 101409618 , txs, 216
ConsensusTime, 201519324 , txs, 216
ConsensusTime, 201506120 , txs, 216
ConsensusTime, 502278114 , txs, 216
ConsensusTime, 209670428 , txs, 216
ConsensusTime, 1846288 , txs, 217
ConsensusTime, 101224636 , txs, 217
ConsensusTime, 101111697 , txs, 217
ConsensusTime, 201215936 , txs, 217
ConsensusTime, 201485248 , txs, 217
ConsensusTime, 301653200 , txs, 218
ConsensusTime, 201875732 , txs, 218
ConsensusTime, 420021249 , txs, 218
ConsensusTime, 301655017 , txs, 218
ConsensusTime, 201326992 , txs, 218
ConsensusTime, 301500939 , txs, 219
ConsensusTime, 201396671 , txs, 219
ConsensusTime, 101486898 , txs, 219
ConsensusTime, 201352442 , txs, 219
ConsensusTime, 402501411 , txs, 220
ConsensusTime, 112397201 , txs, 220
ConsensusTime, 1008232 , txs, 220
ConsensusTime, 1039903 , txs, 220
ConsensusTime, 301687676 , txs, 220
ConsensusTime, 201680958 , txs, 221
ConsensusTime, 402180965 , txs, 221
ConsensusTime, 301933319 , txs, 221
ConsensusTime, 201614923 , txs, 221
ConsensusTime, 208883891 , txs, 222
ConsensusTime, 951355 , txs, 222
ConsensusTime, 1095566 , txs, 222
ConsensusTime, 201404995 , txs, 222
ConsensusTime, 302172032 , txs, 222
ConsensusTime, 201377462 , txs, 223
ConsensusTime, 504575889 , txs, 223
ConsensusTime, 302098702 , txs, 223
ConsensusTime, 209706544 , txs, 223
ConsensusTime, 1321760 , txs, 224
ConsensusTime, 101081183 , txs, 224
ConsensusTime, 201510250 , txs, 224
ConsensusTime, 301733649 , txs, 224
ConsensusTime, 301722619 , txs, 224
ConsensusTime, 301499351 , txs, 224
ConsensusTime, 109169362 , txs, 224
ConsensusTime, 1409636 , txs, 225
ConsensusTime, 201436015 , txs, 225
ConsensusTime, 101399676 , txs, 225
ConsensusTime, 702478487 , txs, 225
ConsensusTime, 301754753 , txs, 225
ConsensusTime, 201831471 , txs, 225
ConsensusTime, 302016947 , txs, 225
ConsensusTime, 413109850 , txs, 225
ConsensusTime, 1317809 , txs, 226
ConsensusTime, 101551076 , txs, 226
ConsensusTime, 1317097 , txs, 226
ConsensusTime, 201432675 , txs, 226
ConsensusTime, 402067651 , txs, 226
ConsensusTime, 402263479 , txs, 226
ConsensusTime, 109698619 , txs, 226
ConsensusTime, 1087925 , txs, 226
ConsensusTime, 247791705 , txs, 227
ConsensusTime, 301758738 , txs, 227
ConsensusTime, 201246718 , txs, 227
ConsensusTime, 101352958 , txs, 227
ConsensusTime, 301940857 , txs, 227
ConsensusTime, 109915255 , txs, 227
ConsensusTime, 1130854 , txs, 227
ConsensusTime, 201422051 , txs, 227
ConsensusTime, 101156377 , txs, 228
ConsensusTime, 1344190 , txs, 228
ConsensusTime, 101422572 , txs, 228
ConsensusTime, 201594851 , txs, 228
ConsensusTime, 211662484 , txs, 228
ConsensusTime, 1000624 , txs, 228
ConsensusTime, 101424681 , txs, 228
ConsensusTime, 301674680 , txs, 229
ConsensusTime, 1260657 , txs, 229
ConsensusTime, 201144636 , txs, 229
ConsensusTime, 210236775 , txs, 229
ConsensusTime, 401697187 , txs, 229
ConsensusTime, 101263361 , txs, 229
ConsensusTime, 301679689 , txs, 229
ConsensusTime, 402004886 , txs, 229
ConsensusTime, 301637018 , txs, 229
ConsensusTime, 101181882 , txs, 230
ConsensusTime, 201269091 , txs, 230
ConsensusTime, 410410737 , txs, 230
ConsensusTime, 1158617 , txs, 230
ConsensusTime, 201384924 , txs, 230
ConsensusTime, 502250348 , txs, 230
ConsensusTime, 301810567 , txs, 230
ConsensusTime, 201348101 , txs, 230
ConsensusTime, 101414660 , txs, 231
ConsensusTime, 308898815 , txs, 231
ConsensusTime, 1306153 , txs, 231
ConsensusTime, 201589863 , txs, 231
ConsensusTime, 101079109 , txs, 231
ConsensusTime, 1177595 , txs, 231
ConsensusTime, 201476527 , txs, 231
ConsensusTime, 301791971 , txs, 231
ConsensusTime, 216573594 , txs, 232
ConsensusTime, 1138055 , txs, 232
ConsensusTime, 201551850 , txs, 232
ConsensusTime, 401713084 , txs, 232
ConsensusTime, 201470156 , txs, 232
ConsensusTime, 201432777 , txs, 232
ConsensusTime, 201325244 , txs, 232
ConsensusTime, 114418526 , txs, 232
ConsensusTime, 1107226 , txs, 233
ConsensusTime, 1141566 , txs, 233
ConsensusTime, 405004665 , txs, 233
ConsensusTime, 301803325 , txs, 233
ConsensusTime, 201481651 , txs, 233
ConsensusTime, 201237901 , txs, 233
ConsensusTime, 301692888 , txs, 233
ConsensusTime, 109140434 , txs, 233
ConsensusTime, 954672 , txs, 233
ConsensusTime, 201350963 , txs, 234
ConsensusTime, 301633646 , txs, 234
ConsensusTime, 201396682 , txs, 234
ConsensusTime, 201620522 , txs, 234
ConsensusTime, 101749916 , txs, 234
ConsensusTime, 201377861 , txs, 234
ConsensusTime, 310427880 , txs, 234
ConsensusTime, 1068975 , txs, 234
ConsensusTime, 101249098 , txs, 234
ConsensusTime, 302064037 , txs, 235
ConsensusTime, 201537681 , txs, 235
ConsensusTime, 101428886 , txs, 235
ConsensusTime, 100979083 , txs, 235
ConsensusTime, 201319063 , txs, 235
ConsensusTime, 121392344 , txs, 235
ConsensusTime, 1467446 , txs, 235
ConsensusTime, 201369299 , txs, 235
ConsensusTime, 101229134 , txs, 236
ConsensusTime, 201337856 , txs, 236
ConsensusTime, 201481415 , txs, 236
ConsensusTime, 201720237 , txs, 236
ConsensusTime, 201650132 , txs, 236
ConsensusTime, 209217367 , txs, 236
ConsensusTime, 1001197 , txs, 236
ConsensusTime, 201351248 , txs, 236
ConsensusTime, 401706247 , txs, 237
ConsensusTime, 301835522 , txs, 237
ConsensusTime, 201368482 , txs, 237
ConsensusTime, 201417330 , txs, 237
ConsensusTime, 208371811 , txs, 237
ConsensusTime, 1312830 , txs, 237
ConsensusTime, 402030769 , txs, 237
ConsensusTime, 301684595 , txs, 237
ConsensusTime, 101137137 , txs, 238
ConsensusTime, 201416850 , txs, 238
ConsensusTime, 101150947 , txs, 238
ConsensusTime, 218592988 , txs, 238
ConsensusTime, 1247651 , txs, 238
ConsensusTime, 201770176 , txs, 238
ConsensusTime, 602350448 , txs, 238
ConsensusTime, 1136537 , txs, 239
ConsensusTime, 202248048 , txs, 239
ConsensusTime, 602589597 , txs, 239
ConsensusTime, 109267308 , txs, 239
ConsensusTime, 1057348 , txs, 239
ConsensusTime, 1286612 , txs, 239
ConsensusTime, 1106664 , txs, 239
ConsensusTime, 201252447 , txs, 239
ConsensusTime, 301568100 , txs, 239
ConsensusTime, 201590534 , txs, 240
ConsensusTime, 201316623 , txs, 240
ConsensusTime, 109417431 , txs, 240
ConsensusTime, 1182065 , txs, 240
ConsensusTime, 201638774 , txs, 240
ConsensusTime, 201521490 , txs, 240
ConsensusTime, 201455224 , txs, 240
ConsensusTime, 401526415 , txs, 240
ConsensusTime, 101595786 , txs, 241
ConsensusTime, 217263615 , txs, 241
ConsensusTime, 1274801 , txs, 241
ConsensusTime, 101267623 , txs, 241
ConsensusTime, 201839026 , txs, 241
ConsensusTime, 301737898 , txs, 241
ConsensusTime, 201562287 , txs, 241
ConsensusTime, 101218080 , txs, 242
ConsensusTime, 220987145 , txs, 242
ConsensusTime, 1262042 , txs, 242
ConsensusTime, 201449501 , txs, 242
ConsensusTime, 201594810 , txs, 242
ConsensusTime, 301606365 , txs, 242
ConsensusTime, 301432630 , txs, 242
ConsensusTime, 202003075 , txs, 242
ConsensusTime, 120080286 , txs, 243
ConsensusTime, 12195402 , txs, 243
ConsensusTime, 1242218 , txs, 243
ConsensusTime, 401760730 , txs, 243
ConsensusTime, 202308341 , txs, 243
ConsensusTime, 401987422 , txs, 243
ConsensusTime, 201885049 , txs, 243
ConsensusTime, 101866160 , txs, 243
ConsensusTime, 216915844 , txs, 244
ConsensusTime, 1010834 , txs, 244
ConsensusTime, 201327443 , txs, 244
ConsensusTime, 301635077 , txs, 244
ConsensusTime, 201800796 , txs, 244
