ConsensusTime, 702537519 , txs, 1398
ConsensusTime, 1276306 , txs, 1399
ConsensusTime, 1947109 , txs, 1399
ConsensusTime, 3056553 , txs, 1400
ConsensusTime, 202175770 , txs, 1401
ConsensusTime, 201663903 , txs, 1402
ConsensusTime, 2845787 , txs, 1402
ConsensusTime, 244135265 , txs, 1403
ConsensusTime, 609038929 , txs, 1404
ConsensusTime, 402161427 , txs, 1404
ConsensusTime, 405380160 , txs, 1405
ConsensusTime, 103946393 , txs, 1406
ConsensusTime, 413251531 , txs, 1406
ConsensusTime, 311078919 , txs, 1407
ConsensusTime, 302050989 , txs, 1408
ConsensusTime, 166677983 , txs, 1408
ConsensusTime, 11669779 , txs, 1410
ConsensusTime, 8103124 , txs, 1410
ConsensusTime, 2056960 , txs, 1411
ConsensusTime, 106103747 , txs, 1412
ConsensusTime, 1349640 , txs, 1413
ConsensusTime, 5741563 , txs, 1413
ConsensusTime, 242177585 , txs, 1414
ConsensusTime, 2207068369 , txs, 1415
ConsensusTime, 1318541 , txs, 1415
ConsensusTime, 1528959 , txs, 1416
ConsensusTime, 1815715057 , txs, 1417
ConsensusTime, 407838 , txs, 1417
ConsensusTime, 1410931 , txs, 1418
ConsensusTime, 201634713 , txs, 1419
ConsensusTime, 300082112 , txs, 1419
ConsensusTime, 602744327 , txs, 1420
ConsensusTime, 201629278 , txs, 1421
ConsensusTime, 1333890 , txs, 1422
ConsensusTime, 302628739 , txs, 1422
ConsensusTime, 201636284 , txs, 1423
ConsensusTime, 302540911 , txs, 1424
ConsensusTime, 966463 , txs, 1424
ConsensusTime, 252220590 , txs, 1425
ConsensusTime, 611813472 , txs, 1426
ConsensusTime, 101400928 , txs, 1426
ConsensusTime, 1324272 , txs, 1427
ConsensusTime, 201690899 , txs, 1428
ConsensusTime, 402259092 , txs, 1428
ConsensusTime, 1318989 , txs, 1429
ConsensusTime, 120394971 , txs, 1430
ConsensusTime, 257947396 , txs, 1431
ConsensusTime, 808860618 , txs, 1431
ConsensusTime, 602675716 , txs, 1432
ConsensusTime, 1351583 , txs, 1433
ConsensusTime, 4480260 , txs, 1433
ConsensusTime, 1254007 , txs, 1434
ConsensusTime, 618553221 , txs, 1435
ConsensusTime, 404084364 , txs, 1435
ConsensusTime, 180144625 , txs, 1436
ConsensusTime, 1311277063 , txs, 1437
ConsensusTime, 504783819 , txs, 1438
ConsensusTime, 1465360 , txs, 1438
ConsensusTime, 605129315 , txs, 1439
ConsensusTime, 301913650 , txs, 1440
ConsensusTime, 1619173 , txs, 1440
ConsensusTime, 708628617 , txs, 1441
ConsensusTime, 399880470 , txs, 1442
ConsensusTime, 1006597370 , txs, 1442
ConsensusTime, 502644282 , txs, 1443
ConsensusTime, 502054576 , txs, 1444
ConsensusTime, 301848130 , txs, 1445
ConsensusTime, 1341864 , txs, 1445
ConsensusTime, 402164039 , txs, 1446
ConsensusTime, 502105894 , txs, 1447
ConsensusTime, 139113600 , txs, 1447
ConsensusTime, 903121886 , txs, 1448
ConsensusTime, 302470993 , txs, 1449
ConsensusTime, 1364852 , txs, 1450
ConsensusTime, 2546437 , txs, 1450
ConsensusTime, 1441389 , txs, 1451
ConsensusTime, 1369951 , txs, 1452
ConsensusTime, 402047475 , txs, 1452
ConsensusTime, 249563472 , txs, 1453
ConsensusTime, 1625158 , txs, 1454
ConsensusTime, 12850914 , txs, 1455
ConsensusTime, 13804653 , txs, 1456
ConsensusTime, 13697393 , txs, 1457
ConsensusTime, 112148866 , txs, 1457
ConsensusTime, 1803307 , txs, 1458
ConsensusTime, 304665160 , txs, 1459
ConsensusTime, 2784879 , txs, 1460
ConsensusTime, 11236144 , txs, 1461
ConsensusTime, 24441808 , txs, 1462
ConsensusTime, 1561365 , txs, 1462
ConsensusTime, 17760175 , txs, 1463
ConsensusTime, 2912320 , txs, 1464
ConsensusTime, 241518150 , txs, 1464
ConsensusTime, 1351021 , txs, 1466
ConsensusTime, 1420060 , txs, 1467
ConsensusTime, 10524575 , txs, 1467
ConsensusTime, 16277438 , txs, 1468
ConsensusTime, 1416722 , txs, 1469
ConsensusTime, 402231468 , txs, 1469
ConsensusTime, 273057081 , txs, 1470
ConsensusTime, 11495835 , txs, 1472
ConsensusTime, 1636936 , txs, 1472
ConsensusTime, 101420799 , txs, 1473
ConsensusTime, 1255895 , txs, 1474
ConsensusTime, 201944511 , txs, 1474
ConsensusTime, 302153303 , txs, 1475
ConsensusTime, 252609355 , txs, 1476
ConsensusTime, 802981094 , txs, 1477
ConsensusTime, 103005094 , txs, 1477
ConsensusTime, 101382003 , txs, 1478
ConsensusTime, 202390246 , txs, 1479
ConsensusTime, 403501180 , txs, 1480
ConsensusTime, 402045023 , txs, 1480
ConsensusTime, 3276581 , txs, 1481
ConsensusTime, 393083221 , txs, 1482
ConsensusTime, 1505214821 , txs, 1482
ConsensusTime, 402225081 , txs, 1483
ConsensusTime, 913089971 , txs, 1484
ConsensusTime, 306960984 , txs, 1485
ConsensusTime, 1750074 , txs, 1485
ConsensusTime, 502275478 , txs, 1486
ConsensusTime, 1305746 , txs, 1487
ConsensusTime, 440448293 , txs, 1487
ConsensusTime, 2646592 , txs, 1488
ConsensusTime, 15863719 , txs, 1489
ConsensusTime, 36426508 , txs, 1490
ConsensusTime, 103552678 , txs, 1490
