ConsensusTime, 12802784 , txs, 1198
ConsensusTime, 102539967 , txs, 1199
ConsensusTime, 101789124 , txs, 1199
ConsensusTime, 803230195 , txs, 1200
ConsensusTime, 206117409 , txs, 1201
ConsensusTime, 201881632 , txs, 1201
ConsensusTime, 203182170 , txs, 1202
ConsensusTime, 202078002 , txs, 1202
ConsensusTime, 1842362 , txs, 1203
ConsensusTime, 302323143 , txs, 1204
ConsensusTime, 302466865 , txs, 1204
ConsensusTime, 308651246 , txs, 1205
ConsensusTime, 311254747 , txs, 1205
ConsensusTime, 1786405 , txs, 1206
ConsensusTime, 113322096 , txs, 1207
ConsensusTime, 302500900 , txs, 1207
ConsensusTime, 202354073 , txs, 1208
ConsensusTime, 202066920 , txs, 1208
ConsensusTime, 405358085 , txs, 1209
ConsensusTime, 402483495 , txs, 1209
ConsensusTime, 306042247 , txs, 1210
ConsensusTime, 101749242 , txs, 1211
ConsensusTime, 305475214 , txs, 1211
ConsensusTime, 324405335 , txs, 1212
ConsensusTime, 402401278 , txs, 1212
ConsensusTime, 302528874 , txs, 1213
ConsensusTime, 101906217 , txs, 1214
ConsensusTime, 405182575 , txs, 1214
ConsensusTime, 469898874 , txs, 1215
ConsensusTime, 1610636116 , txs, 1215
ConsensusTime, 204324655 , txs, 1216
ConsensusTime, 406819054 , txs, 1217
ConsensusTime, 402237870 , txs, 1217
ConsensusTime, 508940892 , txs, 1218
ConsensusTime, 302994559 , txs, 1218
ConsensusTime, 611467569 , txs, 1219
ConsensusTime, 107397300 , txs, 1220
ConsensusTime, 502532822 , txs, 1220
ConsensusTime, 302129844 , txs, 1221
ConsensusTime, 305684666 , txs, 1221
ConsensusTime, 204127973 , txs, 1222
ConsensusTime, 208764903 , txs, 1223
ConsensusTime, 502821736 , txs, 1223
ConsensusTime, 16504399 , txs, 1224
ConsensusTime, 183359692 , txs, 1224
ConsensusTime, 1827628361 , txs, 1225
ConsensusTime, 205977642 , txs, 1226
ConsensusTime, 204956132 , txs, 1226
ConsensusTime, 212686247 , txs, 1227
ConsensusTime, 202877116 , txs, 1227
ConsensusTime, 103563098 , txs, 1228
ConsensusTime, 402544147 , txs, 1229
ConsensusTime, 706938684 , txs, 1229
ConsensusTime, 102466090 , txs, 1230
ConsensusTime, 202179417 , txs, 1230
ConsensusTime, 411877643 , txs, 1231
ConsensusTime, 803442588 , txs, 1232
ConsensusTime, 203297515 , txs, 1232
ConsensusTime, 703070483 , txs, 1233
ConsensusTime, 402369221 , txs, 1233
ConsensusTime, 202169154 , txs, 1234
ConsensusTime, 1707125094 , txs, 1235
ConsensusTime, 307325534 , txs, 1235
ConsensusTime, 403358976 , txs, 1236
ConsensusTime, 309035302 , txs, 1236
ConsensusTime, 402324791 , txs, 1237
ConsensusTime, 202071658 , txs, 1238
ConsensusTime, 103458820 , txs, 1238
ConsensusTime, 205812302 , txs, 1239
ConsensusTime, 403108760 , txs, 1239
ConsensusTime, 210171019 , txs, 1240
ConsensusTime, 308931067 , txs, 1241
ConsensusTime, 318626780 , txs, 1241
ConsensusTime, 606234520 , txs, 1242
ConsensusTime, 402304974 , txs, 1242
ConsensusTime, 803551589 , txs, 1243
ConsensusTime, 201769599 , txs, 1244
ConsensusTime, 1308574658 , txs, 1244
ConsensusTime, 411106721 , txs, 1245
ConsensusTime, 402336053 , txs, 1245
ConsensusTime, 506587888 , txs, 1246
ConsensusTime, 207497852 , txs, 1247
ConsensusTime, 506003416 , txs, 1247
ConsensusTime, 202109593 , txs, 1248
ConsensusTime, 306809922 , txs, 1248
ConsensusTime, 708375323 , txs, 1249
ConsensusTime, 710244517 , txs, 1250
ConsensusTime, 111227489 , txs, 1250
ConsensusTime, 402598646 , txs, 1251
ConsensusTime, 302346278 , txs, 1252
