ConsensusTime, 402249594 , txs, 399
ConsensusTime, 2728040031 , txs, 399
ConsensusTime, 1096135 , txs, 400
ConsensusTime, 4812412824 , txs, 400
ConsensusTime, 1491101 , txs, 400
ConsensusTime, 202450324 , txs, 401
ConsensusTime, 316479128 , txs, 401
ConsensusTime, 2385936 , txs, 401
ConsensusTime, 1335474 , txs, 401
ConsensusTime, 302244531 , txs, 402
ConsensusTime, 201652568 , txs, 402
ConsensusTime, 401999925 , txs, 402
ConsensusTime, 204023794 , txs, 402
ConsensusTime, 115338554 , txs, 402
ConsensusTime, 1002148 , txs, 403
ConsensusTime, 101381858 , txs, 403
ConsensusTime, 101059793 , txs, 403
ConsensusTime, 104179536 , txs, 403
ConsensusTime, 101103549 , txs, 403
ConsensusTime, 402263225 , txs, 404
ConsensusTime, 201308997 , txs, 404
ConsensusTime, 714764632 , txs, 404
ConsensusTime, 502263169 , txs, 404
ConsensusTime, 201367734 , txs, 404
ConsensusTime, 101193803 , txs, 405
ConsensusTime, 301598261 , txs, 405
ConsensusTime, 301636623 , txs, 405
ConsensusTime, 201756147 , txs, 405
ConsensusTime, 101758493 , txs, 405
ConsensusTime, 218856066 , txs, 406
ConsensusTime, 1271420 , txs, 406
ConsensusTime, 304636656 , txs, 406
ConsensusTime, 201434178 , txs, 406
ConsensusTime, 502018714 , txs, 407
ConsensusTime, 101155190 , txs, 407
ConsensusTime, 301852737 , txs, 407
ConsensusTime, 131704160 , txs, 407
ConsensusTime, 502666715 , txs, 407
ConsensusTime, 1045409 , txs, 408
ConsensusTime, 201275651 , txs, 408
ConsensusTime, 201628769 , txs, 408
ConsensusTime, 101242869 , txs, 408
ConsensusTime, 401922582 , txs, 408
ConsensusTime, 101176110 , txs, 409
ConsensusTime, 419511682 , txs, 409
ConsensusTime, 602351442 , txs, 409
ConsensusTime, 201281852 , txs, 409
ConsensusTime, 301452018 , txs, 409
ConsensusTime, 201434705 , txs, 410
ConsensusTime, 101414812 , txs, 410
ConsensusTime, 3618555 , txs, 410
ConsensusTime, 301953813 , txs, 410
ConsensusTime, 114421246 , txs, 410
ConsensusTime, 3743702 , txs, 411
ConsensusTime, 1302284 , txs, 411
ConsensusTime, 201207543 , txs, 411
ConsensusTime, 1297237 , txs, 411
ConsensusTime, 202473917 , txs, 411
ConsensusTime, 301705718 , txs, 412
ConsensusTime, 302208683 , txs, 412
ConsensusTime, 215212428 , txs, 412
ConsensusTime, 301901550 , txs, 412
ConsensusTime, 201321566 , txs, 412
ConsensusTime, 210933457 , txs, 413
ConsensusTime, 1184939 , txs, 413
ConsensusTime, 201759898 , txs, 413
ConsensusTime, 1046906 , txs, 413
ConsensusTime, 201777076 , txs, 413
ConsensusTime, 221879933 , txs, 414
ConsensusTime, 402013840 , txs, 414
ConsensusTime, 520622000 , txs, 414
ConsensusTime, 201217349 , txs, 414
ConsensusTime, 101187748 , txs, 414
ConsensusTime, 201410675 , txs, 415
ConsensusTime, 101087128 , txs, 415
ConsensusTime, 201363948 , txs, 415
ConsensusTime, 118853287 , txs, 415
ConsensusTime, 1101770 , txs, 416
ConsensusTime, 202709651 , txs, 416
ConsensusTime, 201426593 , txs, 416
ConsensusTime, 301606159 , txs, 416
ConsensusTime, 211284446 , txs, 416
ConsensusTime, 201621678 , txs, 417
ConsensusTime, 124529642 , txs, 417
ConsensusTime, 1167604 , txs, 417
ConsensusTime, 201474239 , txs, 417
ConsensusTime, 301559564 , txs, 418
ConsensusTime, 201564161 , txs, 418
ConsensusTime, 201403137 , txs, 418
ConsensusTime, 401900422 , txs, 418
ConsensusTime, 241708643 , txs, 418
ConsensusTime, 2634122 , txs, 419
ConsensusTime, 1081643 , txs, 419
ConsensusTime, 301920282 , txs, 419
ConsensusTime, 101280699 , txs, 419
ConsensusTime, 201534369 , txs, 419
ConsensusTime, 201411765 , txs, 420
ConsensusTime, 302114726 , txs, 420
ConsensusTime, 421336525 , txs, 420
ConsensusTime, 505284667 , txs, 420
ConsensusTime, 201457343 , txs, 420
ConsensusTime, 402293474 , txs, 421
ConsensusTime, 703123569 , txs, 421
ConsensusTime, 401870866 , txs, 421
ConsensusTime, 1002936994 , txs, 421
ConsensusTime, 101253932 , txs, 421
ConsensusTime, 227961823 , txs, 422
ConsensusTime, 1012517 , txs, 422
ConsensusTime, 305221652 , txs, 422
ConsensusTime, 302182963 , txs, 423
ConsensusTime, 101448541 , txs, 423
ConsensusTime, 201655017 , txs, 423
ConsensusTime, 201508665 , txs, 423
ConsensusTime, 126998683 , txs, 423
ConsensusTime, 1260053 , txs, 424
ConsensusTime, 101331826 , txs, 424
ConsensusTime, 202282670 , txs, 424
ConsensusTime, 208536553 , txs, 424
ConsensusTime, 1382992 , txs, 424
ConsensusTime, 201650908 , txs, 425
ConsensusTime, 101371932 , txs, 425
ConsensusTime, 115884702 , txs, 425
ConsensusTime, 1085084 , txs, 425
ConsensusTime, 301753227 , txs, 426
ConsensusTime, 302397357 , txs, 426
ConsensusTime, 502417071 , txs, 426
ConsensusTime, 101981961 , txs, 426
ConsensusTime, 301884403 , txs, 426
ConsensusTime, 219836938 , txs, 427
ConsensusTime, 507232135 , txs, 427
ConsensusTime, 201555106 , txs, 427
ConsensusTime, 101554044 , txs, 427
ConsensusTime, 803077968 , txs, 427
ConsensusTime, 214651150 , txs, 428
ConsensusTime, 402065843 , txs, 428
ConsensusTime, 203371639 , txs, 428
ConsensusTime, 116680468 , txs, 428
ConsensusTime, 502538182 , txs, 429
ConsensusTime, 402192770 , txs, 429
ConsensusTime, 107883654 , txs, 429
ConsensusTime, 402049977 , txs, 429
ConsensusTime, 201567007 , txs, 429
ConsensusTime, 603089449 , txs, 430
ConsensusTime, 301746693 , txs, 430
ConsensusTime, 339749196 , txs, 430
ConsensusTime, 1138889 , txs, 430
ConsensusTime, 301561894 , txs, 431
ConsensusTime, 402221003 , txs, 431
ConsensusTime, 101236767 , txs, 431
ConsensusTime, 402734620 , txs, 431
ConsensusTime, 203128320 , txs, 431
ConsensusTime, 230492014 , txs, 432
ConsensusTime, 101273327 , txs, 432
ConsensusTime, 304008112 , txs, 432
ConsensusTime, 302553450 , txs, 433
ConsensusTime, 302125856 , txs, 433
ConsensusTime, 402088066 , txs, 433
ConsensusTime, 406183941 , txs, 433
ConsensusTime, 222367152 , txs, 433
ConsensusTime, 1353084 , txs, 434
ConsensusTime, 1172850 , txs, 434
ConsensusTime, 302812276 , txs, 434
ConsensusTime, 1133387 , txs, 434
ConsensusTime, 201574499 , txs, 434
ConsensusTime, 603109288 , txs, 435
ConsensusTime, 101194078 , txs, 435
ConsensusTime, 241845709 , txs, 435
ConsensusTime, 602596803 , txs, 435
ConsensusTime, 1141933 , txs, 435
ConsensusTime, 101257684 , txs, 436
ConsensusTime, 101387318 , txs, 436
ConsensusTime, 301803070 , txs, 436
ConsensusTime, 301762571 , txs, 436
ConsensusTime, 101270501 , txs, 437
ConsensusTime, 130066747 , txs, 437
ConsensusTime, 1179369 , txs, 437
ConsensusTime, 201538061 , txs, 437
ConsensusTime, 101190074 , txs, 438
ConsensusTime, 803040895 , txs, 438
ConsensusTime, 406727436 , txs, 438
ConsensusTime, 201451224 , txs, 438
ConsensusTime, 345089723 , txs, 438
ConsensusTime, 1169221 , txs, 439
ConsensusTime, 302578729 , txs, 439
ConsensusTime, 301944026 , txs, 439
ConsensusTime, 1023531 , txs, 440
ConsensusTime, 302505935 , txs, 440
ConsensusTime, 201449915 , txs, 440
ConsensusTime, 223556531 , txs, 440
ConsensusTime, 101522327 , txs, 441
ConsensusTime, 330609 , txs, 441
ConsensusTime, 401662 , txs, 441
ConsensusTime, 1172667 , txs, 441
ConsensusTime, 502263913 , txs, 441
ConsensusTime, 301526539 , txs, 441
ConsensusTime, 1085522 , txs, 442
ConsensusTime, 216508591 , txs, 442
ConsensusTime, 1233263 , txs, 443
ConsensusTime, 401739 , txs, 443
ConsensusTime, 1478451 , txs, 443
ConsensusTime, 201426409 , txs, 443
ConsensusTime, 101861333 , txs, 443
ConsensusTime, 101321891 , txs, 443
ConsensusTime, 327688946 , txs, 444
ConsensusTime, 406791353 , txs, 444
ConsensusTime, 401989650 , txs, 444
ConsensusTime, 702830189 , txs, 444
ConsensusTime, 1206478 , txs, 444
ConsensusTime, 301924325 , txs, 445
ConsensusTime, 101213492 , txs, 445
ConsensusTime, 301752960 , txs, 445
ConsensusTime, 216854270 , txs, 445
ConsensusTime, 1242436 , txs, 446
ConsensusTime, 301830912 , txs, 446
ConsensusTime, 201794041 , txs, 446
ConsensusTime, 302099709 , txs, 446
ConsensusTime, 201619775 , txs, 446
ConsensusTime, 403178466 , txs, 447
ConsensusTime, 507795440 , txs, 447
ConsensusTime, 219378546 , txs, 447
ConsensusTime, 502836802 , txs, 447
ConsensusTime, 802820859 , txs, 448
ConsensusTime, 101240978 , txs, 448
ConsensusTime, 101684862 , txs, 448
ConsensusTime, 402484751 , txs, 448
ConsensusTime, 201613005 , txs, 448
ConsensusTime, 1587600 , txs, 449
ConsensusTime, 130146967 , txs, 449
ConsensusTime, 1590084 , txs, 449
ConsensusTime, 1149084 , txs, 449
ConsensusTime, 201881116 , txs, 450
ConsensusTime, 205394142 , txs, 450
ConsensusTime, 301750149 , txs, 450
ConsensusTime, 301752836 , txs, 450
ConsensusTime, 620044500 , txs, 451
ConsensusTime, 703206766 , txs, 451
ConsensusTime, 101342138 , txs, 451
ConsensusTime, 101203251 , txs, 451
ConsensusTime, 101292351 , txs, 451
ConsensusTime, 201524522 , txs, 452
ConsensusTime, 1164038 , txs, 452
ConsensusTime, 201394400 , txs, 452
ConsensusTime, 327659647 , txs, 452
ConsensusTime, 1170649 , txs, 453
ConsensusTime, 100753374 , txs, 453
ConsensusTime, 101467047 , txs, 453
ConsensusTime, 301830468 , txs, 454
ConsensusTime, 1266645 , txs, 454
ConsensusTime, 220524201 , txs, 454
ConsensusTime, 802972979 , txs, 454
ConsensusTime, 401895039 , txs, 455
ConsensusTime, 101201795 , txs, 455
ConsensusTime, 202656181 , txs, 455
ConsensusTime, 201433473 , txs, 455
ConsensusTime, 301805573 , txs, 455
ConsensusTime, 201587672 , txs, 456
ConsensusTime, 230764683 , txs, 456
ConsensusTime, 21666834 , txs, 456
ConsensusTime, 1306135 , txs, 457
ConsensusTime, 702655936 , txs, 457
ConsensusTime, 1407966 , txs, 457
ConsensusTime, 202260531 , txs, 457
ConsensusTime, 201549359 , txs, 457
ConsensusTime, 216430315 , txs, 458
ConsensusTime, 607079549 , txs, 458
ConsensusTime, 201900410 , txs, 458
ConsensusTime, 301859146 , txs, 458
ConsensusTime, 201840938 , txs, 459
ConsensusTime, 201567776 , txs, 459
ConsensusTime, 302657560 , txs, 459
ConsensusTime, 201714195 , txs, 459
ConsensusTime, 223010373 , txs, 459
ConsensusTime, 502092794 , txs, 460
ConsensusTime, 302056476 , txs, 460
