ConsensusTime, 1725232 , txs, 999
ConsensusTime, 217549743 , txs, 999
ConsensusTime, 502041497 , txs, 999
ConsensusTime, 813712 , txs, 1000
ConsensusTime, 201609553 , txs, 1000
ConsensusTime, 213776305 , txs, 1001
ConsensusTime, 302269801 , txs, 1001
ConsensusTime, 401813654 , txs, 1002
ConsensusTime, 408411602 , txs, 1002
ConsensusTime, 113766446 , txs, 1003
ConsensusTime, 607585455 , txs, 1003
ConsensusTime, 201195309 , txs, 1004
ConsensusTime, 762370 , txs, 1004
ConsensusTime, 113974360 , txs, 1005
ConsensusTime, 502125442 , txs, 1005
ConsensusTime, 301448963 , txs, 1006
ConsensusTime, 201365494 , txs, 1006
ConsensusTime, 113777976 , txs, 1007
ConsensusTime, 503519186 , txs, 1007
ConsensusTime, 894090 , txs, 1008
ConsensusTime, 1003176833 , txs, 1008
ConsensusTime, 120434111 , txs, 1009
ConsensusTime, 401962691 , txs, 1009
ConsensusTime, 401910455 , txs, 1010
ConsensusTime, 101101192 , txs, 1010
ConsensusTime, 119389487 , txs, 1011
ConsensusTime, 301384402 , txs, 1011
ConsensusTime, 401562133 , txs, 1012
ConsensusTime, 401648964 , txs, 1012
ConsensusTime, 214079919 , txs, 1013
ConsensusTime, 301557180 , txs, 1013
ConsensusTime, 401742249 , txs, 1014
ConsensusTime, 101056305 , txs, 1014
ConsensusTime, 113996547 , txs, 1015
ConsensusTime, 807745 , txs, 1016
ConsensusTime, 120242351 , txs, 1017
ConsensusTime, 201555137 , txs, 1017
ConsensusTime, 401837125 , txs, 1018
ConsensusTime, 101190081 , txs, 1018
ConsensusTime, 113818412 , txs, 1019
ConsensusTime, 1103340271 , txs, 1019
ConsensusTime, 401663518 , txs, 1020
ConsensusTime, 101065162 , txs, 1020
ConsensusTime, 120757411 , txs, 1021
ConsensusTime, 515305020 , txs, 1021
ConsensusTime, 401550434 , txs, 1022
ConsensusTime, 1038113 , txs, 1022
ConsensusTime, 214003267 , txs, 1023
ConsensusTime, 1111263 , txs, 1024
ConsensusTime, 481133 , txs, 1024
ConsensusTime, 114620378 , txs, 1025
ConsensusTime, 501986742 , txs, 1025
ConsensusTime, 301553455 , txs, 1026
ConsensusTime, 401885409 , txs, 1026
ConsensusTime, 114370109 , txs, 1027
ConsensusTime, 502031133 , txs, 1027
ConsensusTime, 802892066 , txs, 1028
ConsensusTime, 301454650 , txs, 1028
ConsensusTime, 114324410 , txs, 1029
ConsensusTime, 837859 , txs, 1030
ConsensusTime, 134865317 , txs, 1031
ConsensusTime, 201222539 , txs, 1031
ConsensusTime, 401627731 , txs, 1032
ConsensusTime, 201350530 , txs, 1032
ConsensusTime, 1923889591 , txs, 1033
ConsensusTime, 501954992 , txs, 1033
ConsensusTime, 501833161 , txs, 1034
ConsensusTime, 301395075 , txs, 1034
ConsensusTime, 114190230 , txs, 1035
ConsensusTime, 1132172 , txs, 695
ConsensusTime, 373097 , txs, 695
ConsensusTime, 109642328 , txs, 677
ConsensusTime, 1503137 , txs, 1036
ConsensusTime, 101211022 , txs, 1037
ConsensusTime, 120003881 , txs, 1037
ConsensusTime, 9021962672 , txs, 1038
ConsensusTime, 301524117 , txs, 1038
ConsensusTime, 101050128 , txs, 1039
ConsensusTime, 116918339 , txs, 1039
ConsensusTime, 702128570 , txs, 1040
ConsensusTime, 303252214 , txs, 1040
ConsensusTime, 1126391 , txs, 1041
ConsensusTime, 218345058 , txs, 1041
ConsensusTime, 712277206 , txs, 1042
ConsensusTime, 302365674 , txs, 1042
ConsensusTime, 201707789 , txs, 1043
ConsensusTime, 117164429 , txs, 1043
ConsensusTime, 602156965 , txs, 1044
ConsensusTime, 708884 , txs, 1044
ConsensusTime, 402609028 , txs, 1045
ConsensusTime, 216842878 , txs, 1045
ConsensusTime, 604175602 , txs, 1046
ConsensusTime, 301636796 , txs, 1046
ConsensusTime, 602343168 , txs, 1047
ConsensusTime, 116243396 , txs, 1047
ConsensusTime, 602508923 , txs, 1048
ConsensusTime, 100914290 , txs, 1048
ConsensusTime, 781181 , txs, 1049
ConsensusTime, 113571496 , txs, 1049
ConsensusTime, 602091381 , txs, 1050
ConsensusTime, 301921146 , txs, 1050
ConsensusTime, 403509592 , txs, 1051
ConsensusTime, 116077119 , txs, 1051
ConsensusTime, 702292165 , txs, 1052
ConsensusTime, 301484856 , txs, 1052
ConsensusTime, 1008246 , txs, 1053
ConsensusTime, 224212779 , txs, 1054
ConsensusTime, 904459089 , txs, 1054
ConsensusTime, 203476232 , txs, 1055
ConsensusTime, 301524093 , txs, 1055
ConsensusTime, 220657719 , txs, 1056
ConsensusTime, 1103532173 , txs, 1056
ConsensusTime, 202403038 , txs, 1057
ConsensusTime, 403442121 , txs, 1057
ConsensusTime, 214233990 , txs, 1058
ConsensusTime, 502011808 , txs, 1058
ConsensusTime, 301754666 , txs, 1059
ConsensusTime, 302662913 , txs, 1059
ConsensusTime, 315234837 , txs, 1060
ConsensusTime, 503925390 , txs, 1060
ConsensusTime, 303586966 , txs, 1061
ConsensusTime, 904761869 , txs, 1061
ConsensusTime, 113620544 , txs, 1062
ConsensusTime, 805273799 , txs, 1062
ConsensusTime, 979829 , txs, 1063
ConsensusTime, 401791431 , txs, 1063
ConsensusTime, 115674323 , txs, 1064
ConsensusTime, 804618065 , txs, 1064
ConsensusTime, 205511820 , txs, 1065
ConsensusTime, 606607346 , txs, 1065
ConsensusTime, 113874146 , txs, 1066
ConsensusTime, 702723481 , txs, 1066
ConsensusTime, 837495 , txs, 1067
ConsensusTime, 403029939 , txs, 1067
ConsensusTime, 1521921795 , txs, 1068
ConsensusTime, 702717489 , txs, 1069
ConsensusTime, 301708847 , txs, 1069
ConsensusTime, 820941 , txs, 1070
ConsensusTime, 116355749 , txs, 1070
ConsensusTime, 1247407 , txs, 1072
ConsensusTime, 126163766 , txs, 1072
ConsensusTime, 602455675 , txs, 1073
ConsensusTime, 101041214 , txs, 1073
ConsensusTime, 201652250 , txs, 1026
ConsensusTime, 115623553 , txs, 1018
