ConsensusTime, 1718063 , txs, 1198
ConsensusTime, 9720027 , txs, 1199
ConsensusTime, 9279286 , txs, 1199
ConsensusTime, 302620295 , txs, 1200
ConsensusTime, 402675414 , txs, 1201
ConsensusTime, 502499276 , txs, 1201
ConsensusTime, 402302926 , txs, 1202
ConsensusTime, 308551863 , txs, 1202
ConsensusTime, 2589547 , txs, 1203
ConsensusTime, 502781802 , txs, 1204
ConsensusTime, 102075832 , txs, 1204
ConsensusTime, 1309553385 , txs, 1205
ConsensusTime, 103438802 , txs, 1205
ConsensusTime, 293245763 , txs, 1206
ConsensusTime, 1107632558 , txs, 1207
ConsensusTime, 302059285 , txs, 1207
ConsensusTime, 502732182 , txs, 1208
ConsensusTime, 104991453 , txs, 1208
ConsensusTime, 302113598 , txs, 1209
ConsensusTime, 101597719 , txs, 1209
ConsensusTime, 302331215 , txs, 1210
ConsensusTime, 205360130 , txs, 1211
ConsensusTime, 106697528 , txs, 1211
ConsensusTime, 708828398 , txs, 1212
ConsensusTime, 402290236 , txs, 1212
ConsensusTime, 106477845 , txs, 1213
ConsensusTime, 202245554 , txs, 1214
ConsensusTime, 104787652 , txs, 1214
ConsensusTime, 413640974 , txs, 1215
ConsensusTime, 298244755 , txs, 1215
ConsensusTime, 1755404 , txs, 1216
ConsensusTime, 408410243 , txs, 1217
ConsensusTime, 202049379 , txs, 1217
ConsensusTime, 116901227 , txs, 1218
ConsensusTime, 405728104 , txs, 1218
ConsensusTime, 612474279 , txs, 1219
ConsensusTime, 1910932 , txs, 1220
ConsensusTime, 607544555 , txs, 1220
ConsensusTime, 408408416 , txs, 1221
ConsensusTime, 106396569 , txs, 1221
ConsensusTime, 702925528 , txs, 1222
ConsensusTime, 301941352 , txs, 1223
ConsensusTime, 402131621 , txs, 1223
ConsensusTime, 201984206 , txs, 1224
ConsensusTime, 503363702 , txs, 1224
ConsensusTime, 215041711 , txs, 1225
ConsensusTime, 1814091 , txs, 1226
ConsensusTime, 302145291 , txs, 1226
ConsensusTime, 302790970 , txs, 1227
ConsensusTime, 507490941 , txs, 1227
ConsensusTime, 402352208 , txs, 1228
ConsensusTime, 107580768 , txs, 1229
ConsensusTime, 804129334 , txs, 1229
ConsensusTime, 502584079 , txs, 1230
ConsensusTime, 237338142 , txs, 1230
ConsensusTime, 201986804 , txs, 1231
ConsensusTime, 713299182 , txs, 1232
ConsensusTime, 510938253 , txs, 1232
ConsensusTime, 502405578 , txs, 1233
ConsensusTime, 6149702 , txs, 1233
ConsensusTime, 201852996 , txs, 1234
ConsensusTime, 248885911 , txs, 1235
ConsensusTime, 1793497 , txs, 1235
ConsensusTime, 202208698 , txs, 1236
ConsensusTime, 204406553 , txs, 1236
ConsensusTime, 406253593 , txs, 1237
ConsensusTime, 402531483 , txs, 1238
ConsensusTime, 303003824 , txs, 1238
ConsensusTime, 807585721 , txs, 1239
ConsensusTime, 402563255 , txs, 1239
ConsensusTime, 313833429 , txs, 1240
ConsensusTime, 302136658 , txs, 1241
ConsensusTime, 9298872 , txs, 1241
ConsensusTime, 202866607 , txs, 1242
ConsensusTime, 309265966 , txs, 1242
ConsensusTime, 106553762 , txs, 1243
ConsensusTime, 319553916 , txs, 1244
ConsensusTime, 238163569 , txs, 1244
ConsensusTime, 1407754982 , txs, 1245
ConsensusTime, 202139970 , txs, 1245
ConsensusTime, 221792835 , txs, 1246
ConsensusTime, 302388443 , txs, 1247
ConsensusTime, 106716609 , txs, 1247
ConsensusTime, 101917067 , txs, 1248
ConsensusTime, 602895683 , txs, 1248
ConsensusTime, 214436325 , txs, 1249
ConsensusTime, 105658078 , txs, 1250
ConsensusTime, 405099981 , txs, 1250
ConsensusTime, 304126100 , txs, 1251
ConsensusTime, 313882459 , txs, 1252
ConsensusTime, 602567420 , txs, 1252
