ConsensusTime, 1460010051 , txs, 599 , blockNum, 1
ConsensusTime, 806174434 , txs, 599 , blockNum, 2
ConsensusTime, 103485458 , txs, 599 , blockNum, 3
ConsensusTime, 301675166 , txs, 600 , blockNum, 4
ConsensusTime, 301822679 , txs, 600 , blockNum, 5
ConsensusTime, 708993493 , txs, 600 , blockNum, 6
ConsensusTime, 502043633 , txs, 601 , blockNum, 7
ConsensusTime, 104086769 , txs, 601 , blockNum, 8
ConsensusTime, 603805246 , txs, 601 , blockNum, 9
ConsensusTime, 103040253 , txs, 602 , blockNum, 10
ConsensusTime, 208065529 , txs, 602 , blockNum, 11
ConsensusTime, 674925177 , txs, 602 , blockNum, 12
ConsensusTime, 705305416 , txs, 602 , blockNum, 13
ConsensusTime, 604837435 , txs, 603 , blockNum, 14
ConsensusTime, 402436590 , txs, 603 , blockNum, 15
ConsensusTime, 301751083 , txs, 603 , blockNum, 16
ConsensusTime, 206084283 , txs, 604 , blockNum, 17
ConsensusTime, 301594032 , txs, 604 , blockNum, 18
ConsensusTime, 505864667 , txs, 604 , blockNum, 19
ConsensusTime, 303221929 , txs, 604 , blockNum, 20
ConsensusTime, 201405097 , txs, 605 , blockNum, 21
ConsensusTime, 401929752 , txs, 605 , blockNum, 22
ConsensusTime, 143679898 , txs, 605 , blockNum, 23
ConsensusTime, 1127473 , txs, 606 , blockNum, 25
ConsensusTime, 202882657 , txs, 606 , blockNum, 26
ConsensusTime, 301641529 , txs, 607 , blockNum, 27
ConsensusTime, 505875474 , txs, 607 , blockNum, 28
ConsensusTime, 608680597 , txs, 607 , blockNum, 29
ConsensusTime, 201364174 , txs, 607 , blockNum, 30
ConsensusTime, 104586088 , txs, 608 , blockNum, 31
ConsensusTime, 207458311 , txs, 608 , blockNum, 32
ConsensusTime, 411625656 , txs, 608 , blockNum, 33
ConsensusTime, 285300345 , txs, 609 , blockNum, 34
ConsensusTime, 1201722 , txs, 609 , blockNum, 36
ConsensusTime, 2618753 , txs, 610 , blockNum, 37
ConsensusTime, 704775269 , txs, 610 , blockNum, 38
ConsensusTime, 2615045 , txs, 610 , blockNum, 39
ConsensusTime, 403433795 , txs, 610 , blockNum, 40
ConsensusTime, 208979974 , txs, 611 , blockNum, 41
ConsensusTime, 806034486 , txs, 611 , blockNum, 42
ConsensusTime, 204360492 , txs, 611 , blockNum, 43
ConsensusTime, 301648745 , txs, 612 , blockNum, 44
ConsensusTime, 140780972 , txs, 612 , blockNum, 45
ConsensusTime, 5479126 , txs, 612 , blockNum, 47
ConsensusTime, 296593 , txs, 612 , blockNum, 47
ConsensusTime, 602291306 , txs, 613 , blockNum, 48
ConsensusTime, 702453736 , txs, 613 , blockNum, 49
ConsensusTime, 506333737 , txs, 613 , blockNum, 50
ConsensusTime, 605071067 , txs, 614 , blockNum, 51
ConsensusTime, 302767479 , txs, 614 , blockNum, 52
ConsensusTime, 405128092 , txs, 614 , blockNum, 53
ConsensusTime, 711945688 , txs, 615 , blockNum, 54
ConsensusTime, 505611276 , txs, 615 , blockNum, 55
ConsensusTime, 302474720 , txs, 615 , blockNum, 56
ConsensusTime, 902503310 , txs, 615 , blockNum, 57
ConsensusTime, 101336180 , txs, 616 , blockNum, 58
ConsensusTime, 814077883 , txs, 616 , blockNum, 59
ConsensusTime, 210058621 , txs, 616 , blockNum, 60
ConsensusTime, 303867252 , txs, 617 , blockNum, 61
ConsensusTime, 501847779 , txs, 617 , blockNum, 62
ConsensusTime, 101204480 , txs, 617 , blockNum, 63
ConsensusTime, 302921305 , txs, 618 , blockNum, 64
ConsensusTime, 210584154 , txs, 618 , blockNum, 65
ConsensusTime, 203769887 , txs, 618 , blockNum, 66
ConsensusTime, 170748763 , txs, 618 , blockNum, 67
ConsensusTime, 2658366 , txs, 619 , blockNum, 69
ConsensusTime, 802621628 , txs, 619 , blockNum, 70
ConsensusTime, 301641745 , txs, 620 , blockNum, 71
ConsensusTime, 802959807 , txs, 620 , blockNum, 72
ConsensusTime, 103195767 , txs, 620 , blockNum, 73
ConsensusTime, 1103450733 , txs, 621 , blockNum, 74
ConsensusTime, 109075429 , txs, 621 , blockNum, 75
ConsensusTime, 603398385 , txs, 621 , blockNum, 76
ConsensusTime, 104369858 , txs, 622 , blockNum, 77
ConsensusTime, 176136539 , txs, 622 , blockNum, 78
ConsensusTime, 1404981066 , txs, 622 , blockNum, 79
ConsensusTime, 204427945 , txs, 622 , blockNum, 80
ConsensusTime, 611874847 , txs, 623 , blockNum, 81
ConsensusTime, 610205391 , txs, 623 , blockNum, 82
ConsensusTime, 404151517 , txs, 623 , blockNum, 83
ConsensusTime, 703263950 , txs, 624 , blockNum, 84
ConsensusTime, 915448325 , txs, 624 , blockNum, 85
ConsensusTime, 631098482 , txs, 624 , blockNum, 86
ConsensusTime, 403810922 , txs, 625 , blockNum, 87
ConsensusTime, 405535644 , txs, 625 , blockNum, 88
ConsensusTime, 824011324 , txs, 625 , blockNum, 89
ConsensusTime, 110879274 , txs, 626 , blockNum, 91
ConsensusTime, 254567 , txs, 626 , blockNum, 91
ConsensusTime, 502224541 , txs, 626 , blockNum, 92
ConsensusTime, 406468939 , txs, 626 , blockNum, 93
ConsensusTime, 1103512228 , txs, 627 , blockNum, 94
ConsensusTime, 206025793 , txs, 627 , blockNum, 95
ConsensusTime, 802935412 , txs, 627 , blockNum, 96
ConsensusTime, 301662476 , txs, 628 , blockNum, 97
ConsensusTime, 402055884 , txs, 628 , blockNum, 98
ConsensusTime, 403761082 , txs, 628 , blockNum, 99
ConsensusTime, 293962085 , txs, 629 , blockNum, 100
ConsensusTime, 1002968104 , txs, 629 , blockNum, 101
ConsensusTime, 105614225 , txs, 629 , blockNum, 102
ConsensusTime, 301623957 , txs, 629 , blockNum, 103
ConsensusTime, 709794791 , txs, 630 , blockNum, 104
ConsensusTime, 105841276 , txs, 630 , blockNum, 105
ConsensusTime, 311588591 , txs, 630 , blockNum, 106
ConsensusTime, 404748032 , txs, 631 , blockNum, 107
ConsensusTime, 406725142 , txs, 631 , blockNum, 108
ConsensusTime, 1013912184 , txs, 631 , blockNum, 109
ConsensusTime, 508013493 , txs, 632 , blockNum, 110
ConsensusTime, 401841283 , txs, 632 , blockNum, 111
ConsensusTime, 203998041 , txs, 633 , blockNum, 113
ConsensusTime, 270206 , txs, 633 , blockNum, 113
ConsensusTime, 403947425 , txs, 633 , blockNum, 114
ConsensusTime, 301750814 , txs, 633 , blockNum, 115
ConsensusTime, 221216247 , txs, 633 , blockNum, 116
ConsensusTime, 401653783 , txs, 634 , blockNum, 117
ConsensusTime, 505120415 , txs, 634 , blockNum, 118
ConsensusTime, 302044257 , txs, 634 , blockNum, 119
ConsensusTime, 902795263 , txs, 635 , blockNum, 120
ConsensusTime, 602482599 , txs, 635 , blockNum, 121
ConsensusTime, 204438850 , txs, 635 , blockNum, 122
ConsensusTime, 1036963 , txs, 636 , blockNum, 124
ConsensusTime, 5634564 , txs, 636 , blockNum, 125
ConsensusTime, 702313971 , txs, 637 , blockNum, 126
ConsensusTime, 223509582 , txs, 637 , blockNum, 127
ConsensusTime, 104737750 , txs, 637 , blockNum, 128
ConsensusTime, 317422612 , txs, 637 , blockNum, 129
ConsensusTime, 702319227 , txs, 638 , blockNum, 130
ConsensusTime, 207448699 , txs, 638 , blockNum, 131
ConsensusTime, 505422500 , txs, 638 , blockNum, 132
ConsensusTime, 253629168 , txs, 639 , blockNum, 133
ConsensusTime, 1007377407 , txs, 639 , blockNum, 134
ConsensusTime, 201494057 , txs, 639 , blockNum, 135
ConsensusTime, 404779774 , txs, 640 , blockNum, 136
ConsensusTime, 604763297 , txs, 640 , blockNum, 137
ConsensusTime, 404421513 , txs, 640 , blockNum, 138
ConsensusTime, 206462941 , txs, 641 , blockNum, 139
ConsensusTime, 502233372 , txs, 641 , blockNum, 140
ConsensusTime, 509060663 , txs, 641 , blockNum, 141
ConsensusTime, 710733810 , txs, 642 , blockNum, 142
ConsensusTime, 201448985 , txs, 642 , blockNum, 143
ConsensusTime, 300419872 , txs, 642 , blockNum, 144
ConsensusTime, 1120887 , txs, 643 , blockNum, 146
ConsensusTime, 101395164 , txs, 643 , blockNum, 147
ConsensusTime, 208569976 , txs, 643 , blockNum, 148
ConsensusTime, 401801944 , txs, 644 , blockNum, 149
ConsensusTime, 413704732 , txs, 644 , blockNum, 150
ConsensusTime, 205474548 , txs, 644 , blockNum, 151
ConsensusTime, 708558820 , txs, 645 , blockNum, 152
ConsensusTime, 702352703 , txs, 645 , blockNum, 153
ConsensusTime, 102594068 , txs, 645 , blockNum, 154
ConsensusTime, 407022371 , txs, 646 , blockNum, 155
ConsensusTime, 1096138 , txs, 646 , blockNum, 157
ConsensusTime, 276196 , txs, 646 , blockNum, 157
ConsensusTime, 104393798 , txs, 647 , blockNum, 158
ConsensusTime, 506060466 , txs, 647 , blockNum, 159
ConsensusTime, 507704720 , txs, 647 , blockNum, 160
ConsensusTime, 802664535 , txs, 647 , blockNum, 161
ConsensusTime, 207060080 , txs, 648 , blockNum, 162
ConsensusTime, 501830540 , txs, 648 , blockNum, 163
ConsensusTime, 1109617699 , txs, 648 , blockNum, 164
ConsensusTime, 303804810 , txs, 649 , blockNum, 165
ConsensusTime, 308533022 , txs, 649 , blockNum, 166
ConsensusTime, 1215039 , txs, 650 , blockNum, 168
ConsensusTime, 809532709 , txs, 650 , blockNum, 169
ConsensusTime, 507938036 , txs, 650 , blockNum, 170
