ConsensusTime, 401789976 , txs, 1398
ConsensusTime, 201483276 , txs, 1399
ConsensusTime, 1061041 , txs, 1399
ConsensusTime, 219502473 , txs, 1400
ConsensusTime, 502224701 , txs, 1401
ConsensusTime, 201609745 , txs, 1402
ConsensusTime, 301537194 , txs, 1402
ConsensusTime, 219805079 , txs, 1403
ConsensusTime, 1208524 , txs, 1405
ConsensusTime, 220066116 , txs, 1406
ConsensusTime, 602477940 , txs, 1406
ConsensusTime, 201220954 , txs, 1407
ConsensusTime, 301519636 , txs, 1408
ConsensusTime, 320580559 , txs, 1408
ConsensusTime, 509785138 , txs, 1409
ConsensusTime, 301493427 , txs, 1410
ConsensusTime, 101050448 , txs, 1410
ConsensusTime, 221305572 , txs, 1411
ConsensusTime, 1304037810 , txs, 1412
ConsensusTime, 101290491 , txs, 1413
ConsensusTime, 101117619 , txs, 1413
ConsensusTime, 222179803 , txs, 1414
ConsensusTime, 602058838 , txs, 1415
ConsensusTime, 101291649 , txs, 1415
ConsensusTime, 201649070 , txs, 1416
ConsensusTime, 225832427 , txs, 1417
ConsensusTime, 702168495 , txs, 1417
ConsensusTime, 301946903 , txs, 1418
ConsensusTime, 101022903 , txs, 1419
ConsensusTime, 122283718 , txs, 1419
ConsensusTime, 1004909110 , txs, 1420
ConsensusTime, 201245500 , txs, 1421
ConsensusTime, 101041837 , txs, 1422
ConsensusTime, 218512546 , txs, 1422
ConsensusTime, 1665477 , txs, 1424
ConsensusTime, 122734403 , txs, 1425
ConsensusTime, 609071850 , txs, 1426
ConsensusTime, 201410163 , txs, 1426
ConsensusTime, 112825125 , txs, 1427
ConsensusTime, 223256677 , txs, 1428
ConsensusTime, 602312267 , txs, 1428
ConsensusTime, 897825 , txs, 1429
ConsensusTime, 201313061 , txs, 1430
ConsensusTime, 123849196 , txs, 1431
ConsensusTime, 602548841 , txs, 1431
ConsensusTime, 945227 , txs, 1432
ConsensusTime, 1368864 , txs, 1433
ConsensusTime, 228007653 , txs, 1433
ConsensusTime, 802616827 , txs, 1434
ConsensusTime, 907713 , txs, 1435
ConsensusTime, 702450712 , txs, 1435
ConsensusTime, 124341880 , txs, 1436
ConsensusTime, 702422564 , txs, 1437
ConsensusTime, 869318 , txs, 1438
ConsensusTime, 1067566 , txs, 1438
ConsensusTime, 230407478 , txs, 1439
ConsensusTime, 501866428 , txs, 1440
ConsensusTime, 1008014 , txs, 1440
ConsensusTime, 795694 , txs, 1441
ConsensusTime, 236974305 , txs, 1442
ConsensusTime, 602190557 , txs, 1442
ConsensusTime, 1183978 , txs, 1443
ConsensusTime, 900273 , txs, 1444
ConsensusTime, 224096657 , txs, 1445
ConsensusTime, 4220855 , txs, 1446
ConsensusTime, 837449 , txs, 1447
ConsensusTime, 220449569 , txs, 1447
ConsensusTime, 505379436 , txs, 1448
ConsensusTime, 201663257 , txs, 1449
ConsensusTime, 203900393 , txs, 1450
ConsensusTime, 232426731 , txs, 1450
ConsensusTime, 2799868 , txs, 1452
ConsensusTime, 1456595 , txs, 1452
ConsensusTime, 229109980 , txs, 1453
ConsensusTime, 502360843 , txs, 1454
ConsensusTime, 301449828 , txs, 1454
ConsensusTime, 101331078 , txs, 1455
ConsensusTime, 227295515 , txs, 1456
ConsensusTime, 1103487186 , txs, 1457
ConsensusTime, 861444 , txs, 1457
ConsensusTime, 201309345 , txs, 1458
ConsensusTime, 135088711 , txs, 1459
ConsensusTime, 802676477 , txs, 1459
ConsensusTime, 301844908 , txs, 1460
ConsensusTime, 101015259 , txs, 1461
ConsensusTime, 223000954 , txs, 1462
ConsensusTime, 802886721 , txs, 1462
ConsensusTime, 301509219 , txs, 1463
ConsensusTime, 201260882 , txs, 1464
ConsensusTime, 221554379 , txs, 1464
ConsensusTime, 702412630 , txs, 1465
ConsensusTime, 301656789 , txs, 1466
ConsensusTime, 216400806 , txs, 1467
ConsensusTime, 219057612 , txs, 1467
ConsensusTime, 704451146 , txs, 1468
ConsensusTime, 201358292 , txs, 1469
ConsensusTime, 401576095 , txs, 1469
ConsensusTime, 133025448 , txs, 1470
ConsensusTime, 914885791 , txs, 1471
ConsensusTime, 101468874 , txs, 1472
ConsensusTime, 302280420 , txs, 1472
ConsensusTime, 221483193 , txs, 1473
ConsensusTime, 1012645349 , txs, 1474
ConsensusTime, 2961427 , txs, 1474
ConsensusTime, 203950771 , txs, 1475
ConsensusTime, 228958091 , txs, 1476
ConsensusTime, 802986602 , txs, 1477
ConsensusTime, 891172 , txs, 1477
ConsensusTime, 1019159 , txs, 1478
ConsensusTime, 130769254 , txs, 1479
ConsensusTime, 934490 , txs, 1481
ConsensusTime, 732580530 , txs, 1482
ConsensusTime, 1005243230 , txs, 1482
ConsensusTime, 201342958 , txs, 1483
ConsensusTime, 201322284 , txs, 1484
ConsensusTime, 221794794 , txs, 1485
ConsensusTime, 702490843 , txs, 1485
ConsensusTime, 201384082 , txs, 1486
ConsensusTime, 503845691 , txs, 1487
ConsensusTime, 119415085 , txs, 1487
ConsensusTime, 1103532229 , txs, 1488
ConsensusTime, 1144684 , txs, 1489
ConsensusTime, 201748399 , txs, 1490
ConsensusTime, 236089033 , txs, 1490
ConsensusTime, 808843785 , txs, 1491
ConsensusTime, 301740571 , txs, 1492
ConsensusTime, 301630663 , txs, 1493
ConsensusTime, 245038589 , txs, 1493
ConsensusTime, 1203616997 , txs, 1494
ConsensusTime, 101192267 , txs, 1495
ConsensusTime, 502187932 , txs, 1495
ConsensusTime, 237538567 , txs, 1496
ConsensusTime, 902659785 , txs, 1497
ConsensusTime, 997354 , txs, 1498
ConsensusTime, 101059270 , txs, 1498
ConsensusTime, 1021499782 , txs, 1499
ConsensusTime, 1003267227 , txs, 1500
ConsensusTime, 201406881 , txs, 1501
ConsensusTime, 401847940 , txs, 1501
ConsensusTime, 347195559 , txs, 1502
ConsensusTime, 903277086 , txs, 1503
ConsensusTime, 203125287 , txs, 1504
ConsensusTime, 203749151 , txs, 1504
ConsensusTime, 219204250 , txs, 1505
ConsensusTime, 904388673 , txs, 1506
ConsensusTime, 201472928 , txs, 1506
ConsensusTime, 332950684 , txs, 1507
ConsensusTime, 221655362 , txs, 1508
ConsensusTime, 1286704 , txs, 1510
ConsensusTime, 222059353 , txs, 1511
ConsensusTime, 1002843666 , txs, 1512
ConsensusTime, 201633755 , txs, 1512
ConsensusTime, 401837366 , txs, 1513
ConsensusTime, 626766394 , txs, 1514
ConsensusTime, 1003695900 , txs, 1515
ConsensusTime, 902326 , txs, 1515
ConsensusTime, 201228249 , txs, 1516
ConsensusTime, 230751213 , txs, 1517
ConsensusTime, 805142865 , txs, 1518
ConsensusTime, 986839 , txs, 1518
ConsensusTime, 859360 , txs, 1519
ConsensusTime, 239453722 , txs, 1520
ConsensusTime, 1198472 , txs, 1521
ConsensusTime, 935866 , txs, 1522
ConsensusTime, 219797583 , txs, 1523
ConsensusTime, 802850296 , txs, 1523
ConsensusTime, 504255283 , txs, 1524
ConsensusTime, 202021189 , txs, 1525
ConsensusTime, 119964633 , txs, 1526
ConsensusTime, 802641343 , txs, 1526
ConsensusTime, 301535895 , txs, 1527
ConsensusTime, 1194115 , txs, 1528
ConsensusTime, 237721952 , txs, 1529
ConsensusTime, 904159 , txs, 1530
ConsensusTime, 101384566 , txs, 1531
ConsensusTime, 329419067 , txs, 1532
ConsensusTime, 1194335 , txs, 1533
ConsensusTime, 1075565 , txs, 1534
ConsensusTime, 230143741 , txs, 1535
ConsensusTime, 904505966 , txs, 1535
ConsensusTime, 401580027 , txs, 1536
ConsensusTime, 201491977 , txs, 1537
ConsensusTime, 137068311 , txs, 1538
ConsensusTime, 1144152 , txs, 1539
ConsensusTime, 877722 , txs, 1540
ConsensusTime, 253539016 , txs, 1541
ConsensusTime, 1114184731 , txs, 1541
ConsensusTime, 201439086 , txs, 1542
ConsensusTime, 604360537 , txs, 1543
ConsensusTime, 226274401 , txs, 1544
ConsensusTime, 873663 , txs, 1545
ConsensusTime, 993955 , txs, 1546
