ConsensusTime, 201990599 , txs, 1598
ConsensusTime, 201595468 , txs, 1599
ConsensusTime, 512195126 , txs, 1599
ConsensusTime, 204812565 , txs, 1600
ConsensusTime, 507256721 , txs, 1601
ConsensusTime, 101402122 , txs, 1602
ConsensusTime, 178652175 , txs, 1603
ConsensusTime, 1404058561 , txs, 1603
ConsensusTime, 508151194 , txs, 1604
ConsensusTime, 101805209 , txs, 1605
ConsensusTime, 602914708 , txs, 1606
ConsensusTime, 201903945 , txs, 1607
ConsensusTime, 302358536 , txs, 1607
ConsensusTime, 203918812 , txs, 1608
ConsensusTime, 101460662 , txs, 1609
ConsensusTime, 201647638 , txs, 1610
ConsensusTime, 301909480 , txs, 1610
ConsensusTime, 302248753 , txs, 1611
ConsensusTime, 283787197 , txs, 1612
ConsensusTime, 1304264651 , txs, 1613
ConsensusTime, 301927270 , txs, 1614
ConsensusTime, 311017631 , txs, 1614
ConsensusTime, 1545327 , txs, 1615
ConsensusTime, 107367413 , txs, 1616
ConsensusTime, 502051944 , txs, 1617
ConsensusTime, 304102939 , txs, 1618
ConsensusTime, 1164813 , txs, 1618
ConsensusTime, 803202292 , txs, 1619
ConsensusTime, 417205379 , txs, 1620
ConsensusTime, 201951009 , txs, 1621
ConsensusTime, 273860114 , txs, 1621
ConsensusTime, 1511903015 , txs, 1622
ConsensusTime, 312770403 , txs, 1623
ConsensusTime, 402196775 , txs, 1624
ConsensusTime, 302340444 , txs, 1625
ConsensusTime, 705629769 , txs, 1625
ConsensusTime, 306327891 , txs, 1626
ConsensusTime, 1003741239 , txs, 1627
ConsensusTime, 101574639 , txs, 1628
ConsensusTime, 903858259 , txs, 1629
ConsensusTime, 201879563 , txs, 1629
ConsensusTime, 201721838 , txs, 1630
ConsensusTime, 181035861 , txs, 1631
ConsensusTime, 1308123977 , txs, 1632
ConsensusTime, 602834964 , txs, 1633
ConsensusTime, 403297159 , txs, 1633
ConsensusTime, 103046594 , txs, 1634
ConsensusTime, 201830822 , txs, 1635
ConsensusTime, 201605226 , txs, 1636
ConsensusTime, 903926661 , txs, 1637
ConsensusTime, 112175907 , txs, 1637
ConsensusTime, 806951996 , txs, 1638
ConsensusTime, 405661699 , txs, 1639
ConsensusTime, 101897528 , txs, 1640
ConsensusTime, 212175184 , txs, 1641
ConsensusTime, 1711432823 , txs, 1641
ConsensusTime, 101700676 , txs, 1642
ConsensusTime, 201576680 , txs, 1643
ConsensusTime, 307131557 , txs, 1644
ConsensusTime, 602680369 , txs, 1645
ConsensusTime, 502214012 , txs, 1645
ConsensusTime, 503030485 , txs, 1646
ConsensusTime, 602529828 , txs, 1647
ConsensusTime, 2447402 , txs, 1648
ConsensusTime, 706956304 , txs, 1649
ConsensusTime, 702887360 , txs, 1649
ConsensusTime, 352475352 , txs, 1650
ConsensusTime, 1516306911 , txs, 1651
ConsensusTime, 502190817 , txs, 1652
ConsensusTime, 202154224 , txs, 1653
ConsensusTime, 201840154 , txs, 1653
ConsensusTime, 202620197 , txs, 1654
ConsensusTime, 606525603 , txs, 1655
ConsensusTime, 3084904 , txs, 1656
ConsensusTime, 411718707 , txs, 1657
ConsensusTime, 209114355 , txs, 1657
ConsensusTime, 202602675 , txs, 1658
ConsensusTime, 403935054 , txs, 1659
ConsensusTime, 260975790 , txs, 1660
ConsensusTime, 10909737 , txs, 1661
ConsensusTime, 407267190 , txs, 1662
ConsensusTime, 703482505 , txs, 1662
ConsensusTime, 308740507 , txs, 1663
ConsensusTime, 204842420 , txs, 1664
ConsensusTime, 407962628 , txs, 1665
